{
	"version": 3,
	"title": "Eddy",
	"settings": {
        "appearanceTools": true,
        "custom": {
			"lineHeight": {
				"xs": "1",
				"sm": "1.25",
				"md": "1.5",
				"lg": "1.75"
			}
		},
        "color": {
            "palette": [
                {
                    "name": "Nuit",
                    "slug": "nuit",
                    "color": "#ff0D20"
                },
                {
                    "name": " Menthe",
                    "slug": "menthe",
                    "color": "#ffEAA2"
                },
                {
                    "name": "Calgon",
                    "slug": "calgon",
                    "color": "#ffF4F5"
                },
                {
                    "name": "Black",
                    "slug": "black",
                    "color": "#000000"
                },
                {
                    "name": "White",
                    "slug": "white",
                    "color": "#FFFFFF"
                }
            ],
            "gradients": [
                {
                    "name": "bi-gout",
                    "slug": "bi-gout",
                    "gradient": "linear-gradient(135deg, #0F0D20 50%, #ffffff 50%)"
                }
            ]
        },
        "typography": {
            "fluid": true,
            "fontSizes": [
                {
                    "name": "Impact",
                    "slug": "impact",
                    "size": "48"
                },
                {
                    "name": "Standard",
                    "slug": "standard",
                    "size": "18"
                }
            ],
            "fontFamilies": [
                {
                    "name": "Bricolage Grotesque",
                    "slug": "bricolage-grotesque",
                    "fontFamily": "Bricolage Grotesque",
                    "fontFace": [
						{
							"fontFamily": "Bricolage Grotesques",
							"fontWeight": "400 700 800",
							"fontStyle": "normal",
							"fontStretch": "normal",
							"src": [ "https://fonts.googleapis.com/css2?family=Bricolage+Grotesque:opsz,wght@12..96,200..800&display=swap" ]
						}
                	]
                }	
            ],
            "typography": {
				"lineHeight": "var:custom|line-height|md"
			}
        },
        "spacing": [
            {
                "units": [
                    "px",
                    "em",
                    "rem",
                    "vh",
                    "vw"
                ]
            }
        ],
        "layout": {
            "contentSize": "780px",
            "wideSize": "1280px"
        }
    },
    "styles": {
		"color": {
			"text": "var:preset|color|nuit",
			"background": "var:preset|color|white"
		},
		"elements": {
			"button": {
				"color": {
					"text": "var:preset|color|nuit",
					"background": "var:preset|color|menthe"
				}
			},
			"link": {
				"color": {
					"text": "var:preset|color|menthe",
					"background": "var:preset|color|nuit"
				}
			}
		},
		"blocks": {
			"core/code": {
				"color": {
					"text": "var:preset|color|nuit",
					"background": "var:preset|color|white"
				}
			}
		}
	},
	"patterns": [
        "fullwidth-vertically-aligned-headline-on-right-with-description-on-left"
    ]
}