{
	"customTemplates": [
		{
			"name": "content-canvas",
			"postTypes": [
				"page",
				"post"
			],
			"title": "Content Canvas"
		}
	],
	"patterns": [
		"fullwidth-vertically-aligned-headline-on-right-with-description-on-left"
	],
	"settings": {
		"appearanceTools": true,
		"color": {
			"gradients": [
				{
					"gradient": "linear-gradient(135deg, #0F0D20 50%, #ffffff 50%)",
					"name": "bi-gout",
					"slug": "bi-gout"
				}
			],
			"palette": [
				{
					"color": "#0F0D20",
					"name": "Nuit",
					"slug": "nuit"
				},
				{
					"color": "#32EAA2",
					"name": " Menthe",
					"slug": "menthe"
				},
				{
					"color": "#F4F4F5",
					"name": "Calgon",
					"slug": "calgon"
				},
				{
					"color": "#000000",
					"name": "Black",
					"slug": "black"
				},
				{
					"color": "#FFFFFF",
					"name": "White",
					"slug": "white"
				}
			]
		},
		"custom": {
			"lineHeight": {
				"lg": "1.75",
				"md": "1.5",
				"sm": "1.25",
				"xs": "1"
			}
		},
		"layout": {
			"contentSize": "780px",
			"wideSize": "1280px"
		},
		"spacing": [
			{
				"units": [
					"px",
					"em",
					"rem",
					"vh",
					"vw"
				]
			}
		],
		"typography": {
			"fluid": true,
			"fontFamilies": [
				{
					"fontFace": [
						{
							"fontFamily": "Bricolage Grotesques",
							"fontStretch": "normal",
							"fontStyle": "normal",
							"fontWeight": "400 700 800",
							"src": [
								"https://fonts.googleapis.com/css2?family=Bricolage+Grotesque:opsz,wght@12..96,200..800&display=swap"
							]
						}
					],
					"fontFamily": "Bricolage Grotesque",
					"name": "Bricolage Grotesque",
					"slug": "bricolage-grotesque"
				}
			],
			"fontSizes": [
				{
					"name": "Impact",
					"size": "48",
					"slug": "impact"
				},
				{
					"name": "Standard",
					"size": "18",
					"slug": "standard"
				}
			]
		}
	},
	"styles": {
		"blocks": {
			"core/code": {
				"color": {
					"background": "var(--wp--preset--color--white)",
					"text": "var(--wp--preset--color--nuit)"
				}
			}
		},
		"color": {
			"background": "var(--wp--preset--color--white)",
			"text": "var(--wp--preset--color--nuit)"
		},
		"elements": {
			"button": {
				"color": {
					"background": "var(--wp--preset--color--menthe)",
					"text": "var(--wp--preset--color--nuit)"
				}
			},
			"link": {
				"color": {
					"background": "var(--wp--preset--color--nuit)",
					"text": "var(--wp--preset--color--menthe)"
				}
			}
		}
	},
	"version": 3,
	"$schema": "https://schemas.wp.org/wp/6.6/theme.json"
}